{
  "darwin-arm64/bun-1.3.13": {
    "schema": 1,
    "capturedAt": "2026-05-04T01:32:03.555Z",
    "scenarios": {
      "markdown:small": {
        "mean": 9.883166766666658,
        "p95": 31.73154199999999
      },
      "markdown:large": {
        "mean": 73.48216520000007,
        "p95": 84.3919579999997
      },
      "asciidoc:small": {
        "mean": 7.027708533333392,
        "p95": 9.82666700000027
      },
      "asciidoc:large": {
        "mean": 45.09855826666681,
        "p95": 46.96220800000037
      }
    }
  }
}
